Currency,XR
AUD,1.94611318645015
BRL,6.36387766511651
CAD,1.72523824045132
EUR,1.17087240476735
GBP,1
INR,105.722154456049
JPY,192.652659398745
MXN,21.3196729435084
USD,1.27061574038779
NA=,
