Currency,XR
GBP,1
USD,1.2990556
NA=,
CAD,1.71197
EUR,1.16675
INR,106.4389
BRL,6.2591
MXN,21.9397
AUD,1.91308
JPY,179.765
