Currency,XR
AUD,2.09190525311898
BRL,7.3424343279031
CAD,1.83617171736832
EUR,1.18138409337148
GBP,1
INR,110.642482985915
JPY,189.993282599246
MXN,26.1510344693357
USD,1.29754698742028
NA=,
