Currency,XR
AUD,2.08897717197832
BRL,7.64756187524111
CAD,1.85618955447119
EUR,1.18919577414268
GBP,1
INR,116.272663900864
JPY,195.020170956368
MXN,26.0082378499834
USD,1.35357377315457
NA=,
