Currency,XR
AUD,1.9313269144934
BRL,6.33411592169866
CAD,1.72192820251227
EUR,1.16893451508002
GBP,1
INR,106.001339029522
JPY,192.770478862463
MXN,21.3269782567111
USD,1.27526621182172
NA=,
