Currency,XR
,
GBP,1
USD,1.2406024
CAD,1.67996
EUR,1.15158
INR,102.5828
BRL,6.16
MXN,21.9806
AUD,1.87125
JPY,172.01
