Currency,XR
AUD,1.92795587379501
BRL,6.24623636869671
CAD,1.70706930141943
EUR,1.16723173848139
GBP,1
INR,104.874946233839
JPY,190.334727879969
MXN,21.6382233130076
USD,1.26508615236698
NA=,
