Currency,XR
USD,1.2838289
GBP,1
NA=,
CAD,1.70374
EUR,1.1702
INR,106.2216
BRL,6.2547
MXN,22.0121
AUD,1.91922
JPY,182.435
