Currency,XR
USD,1.273934
NA=,
GBP,1
CAD,1.70152
EUR,1.16944
INR,105.3938
BRL,6.2721
MXN,21.9631
AUD,1.92136
JPY,183.477
