Currency,XR
AUD,1.94068490885268
BRL,6.38361637980384
CAD,1.72307242173288
EUR,1.170012339554
GBP,1
INR,105.478443944078
JPY,189.742268696969
MXN,21.4145581294763
USD,1.27211896856594
NA=,
