Currency,XR
AUD,1.89946742772688
BRL,6.2342795622205
CAD,1.70375348783875
EUR,1.16180386560832
GBP,1
INR,105.798918292201
JPY,185.316033228433
MXN,21.6801954463797
USD,1.27409634716577
NA=,
