Currency,XR
AUD,1.94873325157237
BRL,7.36701404146199
CAD,1.7767597736052
EUR,1.18857270276829
GBP,1
INR,110.130511486978
JPY,191.550214130656
MXN,26.0310407471291
USD,1.31167323596346
NA=,
