Currency,XR
GBP,1
USD,1.251267
CAD,1.68729
EUR,1.1456
INR,102.7077
BRL,6.1804
MXN,21.9999
AUD,1.86685
JPY,168.277
