Currency,XR
AUD,1.93548326836619
BRL,6.54069018767825
CAD,1.71422967234143
EUR,1.16783939624145
GBP,1
INR,104.055573682703
JPY,192.358987259798
MXN,21.1574405021358
USD,1.24537653959675
NA=,
