Currency,XR
,
GBP,1
USD,1.2489852
CAD,1.68
EUR,1.15176
INR,102.9127
BRL,6.1607
MXN,22.006
AUD,1.8744
JPY,171.754
