Currency,XR
AUD,1.90196929004765
BRL,6.2519670572925
CAD,1.71048182856268
EUR,1.16088595724593
GBP,1
INR,106.24992440529
JPY,180.742096365713
MXN,22.0616240423075
USD,1.27586008918262
NA=,
