Currency,XR
AUD,1.92153183341312
BRL,6.70317791606829
CAD,1.74705728418701
EUR,1.17360140418063
GBP,1
INR,106.633923727461
JPY,198.242856869315
MXN,22.8318046912398
USD,1.2765278442636
NA=,
