Currency,XR
AUD,1.88730748967297
BRL,6.26143226919758
CAD,1.69514076064963
EUR,1.16050862685511
GBP,1
INR,105.923667794177
JPY,183.238271218449
MXN,21.6245275527423
USD,1.27258520594246
NA=,
