Currency,XR
AUD,1.90152762356905
BRL,6.2536876092755
CAD,1.71071506055617
EUR,1.16071442245109
GBP,1
INR,106.295098076751
JPY,180.708166468854
MXN,22.0665798843754
USD,1.27621016629018
NA=,
