Currency,XR
AUD,1.88131600324939
BRL,6.96595197826637
CAD,1.82552502963071
EUR,1.15739835666059
GBP,1
INR,123.062018084724
JPY,211.915535816543
MXN,23.5498794795648
USD,1.33171751608049
NA=,
