Currency,XR
AUD,1.94022002483419
BRL,6.27166934189406
CAD,1.69999974762006
EUR,1.17162971824303
GBP,1
INR,104.722596585804
JPY,188.222419919844
MXN,21.5355578101497
USD,1.2618997143059
NA=,
